391895	[{"caption":"a man sitting on a motorcycle on a dirt road."}]
60623	[{"caption":"a young girl blowing out candles on a cake."}]
483108	[{"caption":"a man standing next to a red and white train."}]
384213	[{"caption":"a kitchen with a sink and a window"}]
386164	[{"caption":"a collection of wooden spoons on a table."}]
223648	[{"caption":"a long table with many wooden spoons on it."}]
294832	[{"caption":"a bathroom with a walk in shower next to a toilet."}]
462565	[{"caption":"a group of people riding bikes down a street."}]
436141	[{"caption":"a bathroom with a sink, toilet and mirror."}]
192440	[{"caption":"a bathroom with a toilet and a sink."}]
1146	[{"caption":"a man wearing a black shirt and green tie."}]
559665	[{"caption":"a black and white photo of two people on a motorcycle."}]
394240	[{"caption":"a row of motorcycles parked in a narrow street."}]
579664	[{"caption":"a bunch of bananas sitting on top of a wooden table."}]
550529	[{"caption":"a motorcycle on display in a wine cellar."}]
560623	[{"caption":"a view of an airport from a window."}]
561100	[{"caption":"a small airplane sitting on top of a grass covered field."}]
354533	[{"caption":"a motorcycle parked in front of a wire fence."}]
334321	[{"caption":"a dog that is sitting on a bench."}]
368117	[{"caption":"a couple of traffic lights sitting on top of a pole."}]
165547	[{"caption":"a wooden table with a vase of flowers on it."}]
455859	[{"caption":"a group of people standing next to each other."}]
290570	[{"caption":"a herd of sheep standing on top of a lush green field."}]
281455	[{"caption":"a flock of birds flying through a cloudy sky."}]
17756	[{"caption":"a person sleeping in a boat on a river."}]
305821	[{"caption":"a couple of giraffe standing next to each other."}]
459374	[{"caption":"a yellow fire hydrant sitting on the side of a road."}]
208589	[{"caption":"a black bird eating an apple in a pot."}]
358342	[{"caption":"a black and white photo of a clock tower."}]
74711	[{"caption":"two ducks floating on top of a lake."}]
197461	[{"caption":"a large white sheep standing in a field."}]
165029	[{"caption":"a person wearing a red jacket"}]
336777	[{"caption":"a bunch of signs that are on a pole"}]
472795	[{"caption":"a brown cow walking down a sidewalk next to a store."}]
182784	[{"caption":"a cow standing next to a blue fire hydrant."}]
458052	[{"caption":"a cat eating a banana on a rug."}]
26942	[{"caption":"a cat sitting on top of a wooden chair."}]
535292	[{"caption":"a black and white cow standing in a field."}]
451872	[{"caption":"a group of people watching an elephant in a zoo."}]
516750	[{"caption":"a couple of kayaks sitting next to a body of water."}]
69946	[{"caption":"a bunch of boats that are sitting in the water."}]
109005	[{"caption":"an elephant standing in a field next to a pond."}]
553442	[{"caption":"a woman holding a little girl and a suitcase"}]
261779	[{"caption":"a woman sitting on top of a suitcase."}]
198448	[{"caption":"a woman sitting on a suitcase in the woods."}]
329717	[{"caption":"a baby sitting on a suitcase on the floor."}]
341393	[{"caption":"a brown dog laying next to a pool."}]
299319	[{"caption":"two girls with umbrellas walking in the rain."}]
288955	[{"caption":"a small black dog sitting next to a plate of food."}]
426578	[{"caption":"a man on a beach with a frisbee."}]
64710	[{"caption":"a person walking a dog on a dirt road."}]
180447	[{"caption":"a close up of a zebra eating grass"}]
75162	[{"caption":"a zebra standing in the snow next to a brick wall."}]
129637	[{"caption":"a group of horses standing next to each other."}]
444444	[{"caption":"a woman standing next to a horse in a field."}]
503005	[{"caption":"a man riding on the back of a horse."}]
316795	[{"caption":"a man standing next to a white horse."}]
375840	[{"caption":"a banana sitting on a tray next to two oranges."}]
147980	[{"caption":"a group of children playing a game of baseball."}]
34180	[{"caption":"a woman with a bunch of bananas on her head."}]
169802	[{"caption":"a man in a costume with bananas on his head."}]
570465	[{"caption":"a close up of a plate of food on a table"}]
356708	[{"caption":"a man teaching a child how to ski."}]
362368	[{"caption":"a young boy holding a plate of food."}]
216228	[{"caption":"a person riding a skateboard on a sidewalk."}]
472854	[{"caption":"two young men riding skateboards in a parking lot."}]
127451	[{"caption":"a couple of men standing on top of a snowboard."}]
299116	[{"caption":"a little girl sitting at a table eating a doughnut."}]
66412	[{"caption":"a man in a blue jacket holding a snowboard."}]
410002	[{"caption":"a display case filled with lots of donuts."}]
507065	[{"caption":"a young boy eating a sandwich on a bench."}]
415746	[{"caption":"a display case filled with lots of different kinds of muffins."}]
71171	[{"caption":"a white plate topped with a sandwich and a salad."}]
292301	[{"caption":"a sandwich and a cup of coffee on a table."}]
550627	[{"caption":"a bunch of donuts with sprinkles on them."}]
244339	[{"caption":"a man holding a basketball in his hands."}]
284350	[{"caption":"a woman standing on a beach holding a surfboard."}]
309120	[{"caption":"a man on a field with a soccer ball."}]
467477	[{"caption":"a man riding a wave on top of a surfboard."}]
154971	[{"caption":"a group of men playing a game of soccer."}]
295837	[{"caption":"a woman standing in front of a plate of food."}]
224757	[{"caption":"a group of children standing around a soccer ball."}]
182245	[{"caption":"a man sitting at a table in front of a pizza."}]
353830	[{"caption":"a close up of a pizza on a table"}]
301102	[{"caption":"two tennis racquets laying next to each other."}]
190081	[{"caption":"a woman holding a tennis racquet in a room."}]
207151	[{"caption":"a slice of pizza sitting on top of a wooden cutting board."}]
371250	[{"caption":"a couch with pillows and a pineapple on it."}]
209868	[{"caption":"a close up of a person brushing their teeth"}]
235597	[{"caption":"a man sitting at a desk using a computer."}]
503311	[{"caption":"a man walking on a beach holding a kite."}]
138477	[{"caption":"a couple of people flying a kite in a field."}]
76292	[{"caption":"a man and a little girl sitting on a swing."}]
502090	[{"caption":"a couple of kites that are flying in the sky."}]
28655	[{"caption":"a clock on a pole on a city street."}]
191096	[{"caption":"a group of men playing a game of baseball."}]
78707	[{"caption":"a baseball player holding a bat on a field."}]
336493	[{"caption":"a group of men playing a game of baseball."}]
74369	[{"caption":"a young boy in a baseball uniform poses for a picture."}]
384012	[{"caption":"a baseball player holding a bat on top of a field."}]
579056	[{"caption":"a man swinging a baseball bat at a ball"}]
24223	[{"caption":"a pizza sitting on top of a pan on a stove."}]
69392	[{"caption":"a group of people standing on top of a tennis court."}]
272262	[{"caption":"a man hitting a tennis ball with a racquet."}]
43635	[{"caption":"a group of people standing around a building."}]
87199	[{"caption":"a man in a costume talking on a cell phone."}]
527248	[{"caption":"a crowd of people standing in front of a clock tower."}]
353136	[{"caption":"a person petting a dog on a bed."}]
83915	[{"caption":"the courthouse is located on the campus."}]
2240	[{"caption":"a group of stuffed animals sitting next to each other."}]
28377	[{"caption":"a street with buildings and a clock tower."}]
217183	[{"caption":"a vase filled with flowers on top of a table."}]
366630	[{"caption":"a white vase filled with purple and pink flowers."}]
157184	[{"caption":"a man is holding a pair of scissors."}]
509819	[{"caption":"a pair of scissors and thread on a cutting board."}]
510657	[{"caption":"a group of people sitting around a table."}]
195645	[{"caption":"a group of people sitting around a table."}]
484145	[{"caption":"a man holding a wine glass in a store."}]
530207	[{"caption":"a group of people walking down a sidewalk."}]
17953	[{"caption":"a bunch of vegetables sitting on top of a counter."}]
210012	[{"caption":"a woman and a dog in a kitchen."}]
31442	[{"caption":"a man sitting on a chair in a kitchen."}]
399851	[{"caption":"a kitchen with a wooden table and tools hanging on the wall."}]
539124	[{"caption":"a group of people standing on a sidewalk."}]
12896	[{"caption":"a man riding a bike past a wall."}]
378709	[{"caption":"a bathroom with a toilet, sink and mirror."}]
431197	[{"caption":"a bathroom with a sink, mirror and towel rack."}]
463610	[{"caption":"a white toilet sitting next to a shower."}]
540806	[{"caption":"a man riding a motorcycle down a highway."}]
402330	[{"caption":"a white toilet sitting on top of a wooden floor."}]
378657	[{"caption":"a group of people standing around a clock tower."}]
24343	[{"caption":"two people sitting on a motorcycle in the rain."}]
376177	[{"caption":"a group of people walking towards a large plane."}]
115178	[{"caption":"a red airplane flying through a blue sky."}]
572733	[{"caption":"a large jetliner flying through a blue sky."}]
112956	[{"caption":"a large jetliner flying through a blue sky."}]
144122	[{"caption":"a small airplane flying through a blue sky."}]
183181	[{"caption":"a group of animals that are standing in the grass."}]
275210	[{"caption":"a giraffe standing on top of a dirt field."}]
519046	[{"caption":"a giraffe standing in the middle of a field."}]
362159	[{"caption":"a red traffic light hanging over a city street."}]
389378	[{"caption":"a city street at night with traffic lights."}]
12204	[{"caption":"two giraffes are walking around a fenced in area."}]
91857	[{"caption":"a giraffe is eating from a feeder."}]
220307	[{"caption":"a couple of giraffe standing next to each other."}]
4760	[{"caption":"a fire hydrant sitting on the side of a road."}]
450724	[{"caption":"a man sitting on a bench overlooking the ocean."}]
27440	[{"caption":"a giraffe standing in front of a building."}]
438221	[{"caption":"a couple of ducks swimming in a pond."}]
472557	[{"caption":"two giraffes standing next to a wooden fence."}]
123836	[{"caption":"a giraffe standing on top of a dirt ground."}]
317441	[{"caption":"an orange detour sign sitting on top of a wooden pole."}]
1448	[{"caption":"a giraffe bending down to eat some grass."}]
536615	[{"caption":"a couple of giraffe standing next to each other."}]
141517	[{"caption":"a herd of sheep grazing in a field."}]
71281	[{"caption":"a herd of sheep grazing on a dry grass field."}]
350262	[{"caption":"a herd of sheep standing on top of a grass covered field."}]
1590	[{"caption":"a cow is in the back of a truck."}]
547839	[{"caption":"a car driving down a street next to a train."}]
550452	[{"caption":"a red train is sitting on the tracks."}]
271240	[{"caption":"a stop sign in the snow next to a stop sign."}]
438232	[{"caption":"a red train pulling into a train station."}]
147915	[{"caption":"a close up of a stop sign on a pole"}]
438985	[{"caption":"a cat standing on top of two red suitcases."}]
31176	[{"caption":"a cat sitting on a porch looking out a window."}]
451972	[{"caption":"a fire truck decorated with santa's on top of it."}]
199050	[{"caption":"a group of young people standing in a living room."}]
468541	[{"caption":"a dog wearing a tie standing on a kitchen floor."}]
38662	[{"caption":"a close up of a boat on a beach"}]
90476	[{"caption":"a bunch of boats that are sitting on a beach."}]
386739	[{"caption":"a man and a woman posing for a picture."}]
36598	[{"caption":"a group of people walking in the rain holding umbrellas."}]
177262	[{"caption":"a couple of cats laying next to each other."}]
256260	[{"caption":"a man standing next to an elephant on a sidewalk."}]
88784	[{"caption":"a dog jumping up to catch a frisbee."}]
48731	[{"caption":"two dogs playing with a ball in the snow."}]
178746	[{"caption":"a display of legos and other items."}]
347950	[{"caption":"a dog running with a purple frisbee in its mouth."}]
350789	[{"caption":"a group of zebras walking along a river."}]
33645	[{"caption":"a little girl holding a red frisbee in her hands."}]
309100	[{"caption":"a herd of zebra standing next to each other."}]
299089	[{"caption":"a herd of zebra standing on top of a grass covered field."}]
421999	[{"caption":"a zebra standing in a dirt field next to trees."}]
366830	[{"caption":"a horse walking through the woods in the woods."}]
199346	[{"caption":"a statue of a man and a woman walking down a street."}]
177246	[{"caption":"a close up of a person holding a banana"}]
348905	[{"caption":"a man on a jet ski in the water."}]
469961	[{"caption":"a couple of people riding skis down a snow covered slope."}]
427802	[{"caption":"a pile of oranges sitting on top of each other."}]
338472	[{"caption":"a bunch of oranges sitting on top of a blue blanket."}]
355137	[{"caption":"a person riding skis down a snow covered slope."}]
361763	[{"caption":"a couple of baseball players playing a game of baseball."}]
88854	[{"caption":"a couple of men riding skis down a snow covered slope."}]
160195	[{"caption":"a man riding a skateboard down a sidewalk."}]
580591	[{"caption":"a woman riding skis down a snow covered slope."}]
226588	[{"caption":"a woman riding skis down a snow covered slope."}]
361472	[{"caption":"a group of children riding bikes in a skate park."}]
242103	[{"caption":"food in a green container"}]
297233	[{"caption":"a wooden table topped with plates and bowls of food."}]
2867	[{"caption":"a group of people standing on top of a snow covered slope."}]
257870	[{"caption":"a man eating a hot dog on a sidewalk."}]
57286	[{"caption":"a man flying through the air while riding a skateboard."}]
435037	[{"caption":"a donut and a cup of coffee on a table."}]
546500	[{"caption":"a close up of a knife and a cup of coffee"}]
545385	[{"caption":"a piece of cake on a plate with a spoon."}]
23320	[{"caption":"a piece of cake sitting on a white plate."}]
12085	[{"caption":"a man sleeping in a bed with a cat."}]
8775	[{"caption":"a bedroom with a bed with a lot of posters on the wall."}]
384981	[{"caption":"a woman sitting at a table with a birthday cake."}]
475398	[{"caption":"a woman holding a cake on top of a counter."}]
479213	[{"caption":"two women with wigs holding a birthday cake."}]
30549	[{"caption":"two women pose for a picture with a cake."}]
66072	[{"caption":"a man riding a wave on top of a surfboard."}]
513699	[{"caption":"a group of people on a beach with surfboards."}]
45057	[{"caption":"a pizza sitting on top of a pizza pan."}]
275202	[{"caption":"a pizza sitting on top of a plate on a table."}]
190291	[{"caption":"a group of people sitting at a table with pizza."}]
246649	[{"caption":"a shirtless man playing tennis on a tennis court."}]
199449	[{"caption":"a living room filled with furniture and a lamp."}]
1626	[{"caption":"a man and a woman playing a video game."}]
234251	[{"caption":"a young child is playing a video game."}]
281376	[{"caption":"a desk with three monitors and a laptop."}]
525619	[{"caption":"a person flying a kite in a field."}]
393031	[{"caption":"a group of baseball players playing a game of baseball."}]
385514	[{"caption":"a baseball player swinging a bat at a ball."}]
539355	[{"caption":"a clock on the side of a building."}]
320180	[{"caption":"a woman sitting on a bed with a laptop."}]
357633	[{"caption":"a laptop computer sitting on top of a wooden table."}]
127801	[{"caption":"a person holding a cell phone in their hand."}]
25758	[{"caption":"a pan of food in the oven"}]
565198	[{"caption":"a little boy blow drying his hair with a blow dryer."}]
577160	[{"caption":"a plate of food on a table with a bottle of wine."}]
229688	[{"caption":"a woman sitting at a table in a restaurant."}]
509807	[{"caption":"a kitchen counter with a stove top oven."}]
37367	[{"caption":"a laptop computer sitting on top of a wooden table."}]
22158	[{"caption":"a kitchen with a black and white checkered floor."}]
220446	[{"caption":"a hole in the floor of a bathroom."}]
247184	[{"caption":"a white toilet sitting next to a window."}]
313063	[{"caption":"a bathroom with a toilet and a bath tub."}]
239376	[{"caption":"a bathroom with yellow walls and a white tub."}]
28790	[{"caption":"a bathroom with a sink and a window."}]
416668	[{"caption":"a black cat sitting in a bathroom sink."}]
252203	[{"caption":"two dogs sitting in the back seat of a car."}]
573962	[{"caption":"a busy street filled with lots of traffic."}]
480215	[{"caption":"a white toilet sitting in a bathroom next to a shower."}]
299550	[{"caption":"a white toilet sitting next to a white sink."}]
184557	[{"caption":"a cat standing inside of a toilet bowl."}]
577526	[{"caption":"a black and white cat laying on top of a green pillow."}]
31000	[{"caption":"a white bowl filled with lots of oranges."}]
280360	[{"caption":"a blue and yellow airplane flying through a blue sky."}]
283495	[{"caption":"an airplane flying in the sky over trees."}]
126502	[{"caption":"two birds sitting on the back of a giraffe."}]
141587	[{"caption":"an airplane flying over a tall building in a city."}]
16241	[{"caption":"a large jetliner flying over a tall building."}]
277208	[{"caption":"a giraffe bending down to drink from a pond."}]
134863	[{"caption":"a street with traffic lights and traffic lights."}]
34904	[{"caption":"a book sitting on top of a wooden bench."}]
8179	[{"caption":"a green traffic light on a city street."}]
539784	[{"caption":"a herd of sheep grazing on the side of a road."}]
58492	[{"caption":"a bird that is standing in the dirt."}]
484551	[{"caption":"a woman sitting in a boat on the water."}]
133867	[{"caption":"a group of people walking across a street."}]
208778	[{"caption":"a man sitting in a hospital bed with a dog."}]
434279	[{"caption":"a blue train sitting on top of a train track."}]
136584	[{"caption":"a bird sitting on top of a wooden pole."}]
520482	[{"caption":"two large birds standing next to each other."}]
434129	[{"caption":"baseball cap worn by baseball player."}]
1180	[{"caption":"a woman standing in front of a large cake."}]
158118	[{"caption":"a city street filled with lots of traffic."}]
572427	[{"caption":"a red stop sign sitting on the side of a road."}]
73119	[{"caption":"a black and red train engine and some people"}]
27226	[{"caption":"a couple of red trains parked next to each other."}]
288799	[{"caption":"a traffic light sitting next to a train track."}]
300471	[{"caption":"a cat sitting on a chair next to a blue chair."}]
289781	[{"caption":"a blue and white boat tied to a dock."}]
173385	[{"caption":"an elephant standing in front of a building."}]
450370	[{"caption":"an elephant walking through a lush green forest."}]
502419	[{"caption":"two pictures of an elephant in a zoo."}]
471497	[{"caption":"an elephant walking through a lush green forest."}]
483275	[{"caption":"a couple of elephants that are standing in the grass."}]
144379	[{"caption":"a woman standing next to a pile of luggage."}]
568040	[{"caption":"a couple of elephants standing in a field."}]
404461	[{"caption":"a woman standing in the middle of an alley."}]
108338	[{"caption":"a couple of elephants standing next to a tree."}]
525376	[{"caption":"the trunk of a car filled with luggage."}]
395402	[{"caption":"a small dog is sitting on the floor."}]
530226	[{"caption":"a polar bear eating a piece of ice."}]
295097	[{"caption":"a black and white dog chewing on a red toothbrush."}]
114352	[{"caption":"a man holding a frisbee in his hand."}]
504341	[{"caption":"a dog that is laying down on a beach."}]
29577	[{"caption":"two white horses with red feathers on their heads."}]
372252	[{"caption":"a herd of zebra standing on top of a lush green field."}]
75990	[{"caption":"a man riding on the back of a brown horse."}]
248441	[{"caption":"a woman standing next to a horse on a beach."}]
104568	[{"caption":"a pile of fruit and vegetables in a sink."}]
300655	[{"caption":"a man standing on top of a baseball field."}]
51223	[{"caption":"a group of young men playing a game of baseball."}]
95051	[{"caption":"a man riding skis on top of a snow covered slope."}]
169858	[{"caption":"a woman holding a banana up to her face."}]
178748	[{"caption":"a pot filled with vegetables and a wooden spoon."}]
59614	[{"caption":"a close up of a plate of pasta and broccoli"}]
255209	[{"caption":"a person holding a dog on a leash"}]
279209	[{"caption":"a man riding skis down a snow covered slope."}]
90707	[{"caption":"a plate of broccoli on a cutting board."}]
577403	[{"caption":"a couple of young men riding skateboards down a sidewalk."}]
289469	[{"caption":"a white plate topped with macaroni and cheese."}]
163852	[{"caption":"a person holding a paper plate with vegetables on it."}]
322369	[{"caption":"a sandwich and a drink sit on a tray."}]
245242	[{"caption":"a cutting board topped with cheese and carrots."}]
481187	[{"caption":"a man riding skis down a snow covered slope."}]
39009	[{"caption":"a group of people holding up hot dogs."}]
166124	[{"caption":"four bagels sitting on top of a cooling rack."}]
3001	[{"caption":"a person sitting at a table with donuts."}]
220111	[{"caption":"a table topped with plates of food and a knife."}]
207366	[{"caption":"a couple of men playing a game of soccer."}]
183715	[{"caption":"a large sheet cake with green and white frosting."}]
340642	[{"caption":"a carrot cake with walnuts on top of it."}]
391915	[{"caption":"a bedroom with two beds and a desk."}]
13525	[{"caption":"a naked woman laying on top of a bed."}]
294487	[{"caption":"a canopy bed with a canopy over it."}]
242909	[{"caption":"a close up of a pizza on a table"}]
448897	[{"caption":"a pizza sitting on top of a white plate."}]
216303	[{"caption":"a woman standing on a tennis court holding a racquet."}]
355272	[{"caption":"a little boy sitting on the floor holding a remote control."}]
355228	[{"caption":"a ferret resting its head on a remote control."}]
70351	[{"caption":"a pack of gummy candies sitting on top of a candy wrapper."}]
501429	[{"caption":"a baby holding a toothbrush in his mouth."}]
90365	[{"caption":"a close up of a keyboard on a desk"}]
408327	[{"caption":"a woman in a pink dress holding a tennis racket."}]
565239	[{"caption":"a couple of people standing next to each other."}]
125404	[{"caption":"two boys with helmets posing for a picture."}]
378545	[{"caption":"a clock with roman numerals on a pole."}]
182503	[{"caption":"a close up of a pizza cutter on a table"}]
372384	[{"caption":"a man playing tennis on a tennis court."}]
185781	[{"caption":"a group of people standing around a table."}]
484312	[{"caption":"a man in a blue suit holding a stuffed animal."}]
516766	[{"caption":"a couple of white teddy bears sitting next to each other."}]
533407	[{"caption":"a couple of men standing next to each other."}]
157001	[{"caption":"two men sitting at a table with a laptop."}]
562345	[{"caption":"a woman standing in front of a brick wall holding a cell phone."}]
130171	[{"caption":"a pot of food that is being cooked."}]
512116	[{"caption":"a small child sitting on a rug holding a remote."}]
455464	[{"caption":"a man with glasses talking on a cell phone."}]
214527	[{"caption":"a large clock tower in the middle of a city."}]
138965	[{"caption":"a group of stuffed animals sitting next to each other."}]
118134	[{"caption":"a large clock on the side of a building."}]
498555	[{"caption":"a white vase with a bird painted on it."}]
157102	[{"caption":"a small child holding a pair of scissors."}]
16928	[{"caption":"a pair of scissors sitting on top of a metal piece."}]
271607	[{"caption":"a boy in a straw hat sitting next to a teddy bear."}]
55772	[{"caption":"a white plate topped with a breakfast sandwich."}]
360170	[{"caption":"a group of people sitting around a dinner table."}]
227220	[{"caption":"a stainless steel oven in a kitchen next to a counter."}]
538092	[{"caption":"a man standing in a kitchen next to a refrigerator."}]
443949	[{"caption":"a couple of wooden spoons sitting on top of a kitchen counter."}]
223094	[{"caption":"a kitchen with a stove and a refrigerator."}]
570138	[{"caption":"a bathroom with a sink, toilet and mirror."}]
557135	[{"caption":"a bathroom with two sinks and a mirror."}]
122302	[{"caption":"a large number of bicycles parked on the side of a street."}]
386766	[{"caption":"a bathroom with a bathtub, sink, and mirror."}]
576576	[{"caption":"a bathroom with a toilet, sink, and bathtub."}]
445812	[{"caption":"a bathroom with a shower and a toilet."}]
231732	[{"caption":"a bathroom sink with soap and soap."}]
416184	[{"caption":"a bathroom with a sink, mirror and toilet paper dispenser."}]
290078	[{"caption":"a white toilet sitting outside of a building."}]
372495	[{"caption":"a white toilet sitting on top of a wooden table."}]
262514	[{"caption":"a white toilet sitting next to a white counter."}]
294763	[{"caption":"a white toilet sitting in a bathroom next to a soap dispenser."}]
489624	[{"caption":"a white toilet sitting in a bathroom next to a trash can."}]
578314	[{"caption":"a white toilet sitting in a bathroom next to a trash can."}]
131504	[{"caption":"a clock on the side of a building."}]
50443	[{"caption":"a dirty sink and toilet in a dirty bathroom."}]
84064	[{"caption":"a white toilet in a stall with tiled walls."}]
185930	[{"caption":"a row of sinks in a public restroom."}]
355221	[{"caption":"a motorcycle parked on the side of the road."}]
223930	[{"caption":"a motorcycle parked next to a row of bikes."}]
324008	[{"caption":"a tray with a banana, yogurt, cheese and a bagel."}]
520108	[{"caption":"a bedroom with a bed, dresser and television."}]
573756	[{"caption":"two giraffes standing next to each other in a field."}]
188173	[{"caption":"a giraffe standing next to a group of zebras."}]
233882	[{"caption":"a red and white airplane sitting on top of a tarmac."}]
413734	[{"caption":"a large jetliner sitting on top of an airport tarmac."}]
373846	[{"caption":"a group of airplanes sitting on top of a tarmac."}]
189197	[{"caption":"a bench sitting next to a body of water."}]
122007	[{"caption":"two giraffes that are standing in the grass."}]
181948	[{"caption":"a traffic light sitting on the side of a road."}]
315128	[{"caption":"a sign on the side of a road."}]
199247	[{"caption":"a group of animals laying in the grass."}]
974	[{"caption":"a group of people riding on top of an elephant."}]
137265	[{"caption":"an open book sitting on top of a book."}]
507921	[{"caption":"a no parking sign sitting on the side of a road."}]
40621	[{"caption":"a couple of giraffe standing next to each other."}]
262175	[{"caption":"a man wearing a hat and sunglasses standing in a forest."}]
548538	[{"caption":"a group of people riding on the back of a train."}]
65981	[{"caption":"a train traveling through a rocky mountain side."}]
167510	[{"caption":"a red stop sign sitting on top of a wooden pole."}]
45966	[{"caption":"a red stop sign sitting on the side of a road."}]
457900	[{"caption":"a group of people walking down a sidewalk."}]
71090	[{"caption":"a large teddy bear sitting next to a large teddy bear."}]
186518	[{"caption":"an old rusted truck sitting in a field."}]
576084	[{"caption":"a man milking a brown and white cow."}]
342334	[{"caption":"a large body of water filled with boats."}]
370749	[{"caption":"an elephant standing in a grassy area with trees in the background."}]
42055	[{"caption":"a group of colorful umbrellas hanging from a ceiling."}]
21864	[{"caption":"a boat traveling across a large body of water."}]
412813	[{"caption":"a black and white photo of an umbrella on the beach."}]
532867	[{"caption":"a woman standing on a beach holding an umbrella."}]
550051	[{"caption":"a group of people sitting under red umbrellas."}]
303215	[{"caption":"a white teddy bear wearing goggles and goggles."}]
313398	[{"caption":"there are two frisbees in the water."}]
424812	[{"caption":"a person riding a horse in a field."}]
371004	[{"caption":"a close up of a zebra behind a fence"}]
546095	[{"caption":"a group of horses grazing on a lush green field."}]
51540	[{"caption":"a large display of oranges and avocados."}]
307967	[{"caption":"a baseball player swinging a bat at a ball."}]
277440	[{"caption":"a laptop computer sitting on top of a desk."}]
40635	[{"caption":"a large group of people shopping at an outdoor market."}]
503595	[{"caption":"a white plate topped with meat and broccoli."}]
126257	[{"caption":"a young boy riding a skateboard down a street."}]
437789	[{"caption":"an assortment of fruits and vegetables on a table."}]
272323	[{"caption":"a man riding a skateboard up the side of a ramp."}]
70256	[{"caption":"a person cutting a cake with a knife."}]
12817	[{"caption":"a man riding a skateboard up the side of a ramp."}]
348730	[{"caption":"a young man riding a skateboard down a street."}]
114684	[{"caption":"a woman sitting on a bench eating a hot dog."}]
296236	[{"caption":"a woman standing in front of a conveyor belt."}]
412604	[{"caption":"a man in a bathrobe holding a pastry in his hand."}]
523816	[{"caption":"a woman riding a snowboard down a snow covered slope."}]
329475	[{"caption":"a bunch of donuts sitting on top of a table."}]
61647	[{"caption":"a teddy bear cake with a lit candle on it."}]
211326	[{"caption":"two pieces of bread on a plate next to a bottle of wine."}]
48668	[{"caption":"a man laying on a bed with a shirt on."}]
308883	[{"caption":"a person sitting in front of a laptop computer."}]
184139	[{"caption":"a bed sitting in a bedroom next to a lamp."}]
419860	[{"caption":"a pizza sitting on top of a table next to a bottle of beer."}]
388481	[{"caption":"a teddy bear sitting in front of a computer monitor."}]
97561	[{"caption":"a room with a desk and a television."}]
70020	[{"caption":"a woman holding a tennis racquet on a tennis court."}]
466882	[{"caption":"two men playing tennis on a tennis court."}]
323356	[{"caption":"a close up of a toothbrush in the grass"}]
405440	[{"caption":"a remote control sitting next to a remote control."}]
148329	[{"caption":"a man brushing his teeth with a toothbrush."}]
279524	[{"caption":"a living room filled with furniture and a tv."}]
91304	[{"caption":"a living room with a couch and a table"}]
315486	[{"caption":"a woman and a child brushing their teeth."}]
365325	[{"caption":"a young boy laying on a couch holding a nintendo wii controller."}]
79686	[{"caption":"a living room filled with furniture and a lamp."}]
499095	[{"caption":"a woman and a boy playing a video game."}]
35825	[{"caption":"a woman standing in a living room holding a wii controller."}]
414071	[{"caption":"three men sitting on a couch playing a video game."}]
520430	[{"caption":"a woman holding a nintendo wii game controller."}]
4125	[{"caption":"a living room with a couch and a table"}]
487774	[{"caption":"a computer mouse sitting on top of a table."}]
157516	[{"caption":"a man holding a baby while sitting at a table."}]
251367	[{"caption":"a baseball player swinging a bat on a field."}]
148588	[{"caption":"a pizza sitting in front of a fire."}]
93765	[{"caption":"two coffee cups on a table with a rose in them."}]
324837	[{"caption":"a laptop computer sitting on top of a desk."}]
33904	[{"caption":"a teddy bear sitting on a chair reading a book."}]
445041	[{"caption":"a man riding a motorcycle down a street."}]
54959	[{"caption":"a microwave oven sitting on top of a counter."}]
299946	[{"caption":"a man standing in a kitchen preparing food."}]
65969	[{"caption":"a glass of beer next to a vase of flowers."}]
76329	[{"caption":"a clock that is on top of a pole."}]
368505	[{"caption":"a black and white photo of a clock tower."}]
478282	[{"caption":"a vase with flowers in it sitting on a table."}]
251590	[{"caption":"a vase filled with flowers on top of a table."}]
425475	[{"caption":"a person holding a wine glass in their hand."}]
448795	[{"caption":"a kitchen with a white table and chairs."}]
345389	[{"caption":"a woman standing in a kitchen holding a coffee cup."}]
280736	[{"caption":"a cat sitting on the ground looking at something."}]
45208	[{"caption":"a black cat laying on a white tub."}]
496604	[{"caption":"a bathroom with a toilet and a sink."}]
46099	[{"caption":"a stop sign on the side of a road."}]
463825	[{"caption":"a cat standing in a sink in a bathroom."}]
50411	[{"caption":"a man riding on the back of a white horse."}]
524637	[{"caption":"a white toilet sitting in a bathroom next to a tiled wall."}]
562592	[{"caption":"a person riding a motorcycle on the road."}]
465424	[{"caption":"a group of bikers on a city street."}]
425151	[{"caption":"a living room filled with furniture and pictures."}]
21202	[{"caption":"a city street filled with lots of traffic."}]
398007	[{"caption":"a group of people standing next to a train track."}]
322824	[{"caption":"a black and white photo of a street sign and a traffic light."}]
376236	[{"caption":"a close up of a person feeding a giraffe"}]
468933	[{"caption":"a herd of sheep standing on top of a lush green field."}]
68203	[{"caption":"a giraffe with two birds perched on it's neck."}]
197745	[{"caption":"a couple of giraffe standing next to each other."}]
352476	[{"caption":"a bus with a bike rack on the front of it."}]
89909	[{"caption":"a wooden bench sitting in front of a garden."}]
322955	[{"caption":"a seagull is standing on a wet beach."}]
211054	[{"caption":"a black and white photo of a train passing by a factory."}]
500703	[{"caption":"people waiting for a train at a train station."}]
340637	[{"caption":"a cell phone sitting on top of a wicker table."}]
174329	[{"caption":"a yellow train is sitting on the tracks."}]
499537	[{"caption":"a street sign sitting on the side of a road."}]
206770	[{"caption":"a red van driving down a street next to a house."}]
67255	[{"caption":"a stop sign with street signs on top of it."}]
258078	[{"caption":"a young boy eating food next to a parking meter."}]
171695	[{"caption":"a group of people riding in the back of a truck."}]
79816	[{"caption":"a red truck with a surfboard on top of it."}]
90366	[{"caption":"a dog is looking at a cow statue."}]
76155	[{"caption":"a yak laying in the grass with other animals in the background."}]
350084	[{"caption":"a white dump truck parked in a gravel lot."}]
103272	[{"caption":"a red dump truck parked in the grass."}]
450404	[{"caption":"a large dump truck parked in a field."}]
436676	[{"caption":"a woman laying on a couch with a cat."}]
238459	[{"caption":"a herd of cattle standing on top of a lush green field."}]
565186	[{"caption":"a blue semi truck with logs on the back of it."}]
464286	[{"caption":"a herd of cows standing next to each other."}]
16005	[{"caption":"a woman holding a baby looking at a cow."}]
163684	[{"caption":"a dog holding a stick in it's mouth."}]
14257	[{"caption":"a couple of people walking down a sidewalk."}]
533979	[{"caption":"an elephant is standing behind a wire fence."}]
419344	[{"caption":"a group of elephants standing next to each other."}]
148188	[{"caption":"a group of people riding on the backs of elephants."}]
306664	[{"caption":"a large white bear walking across a rocky area."}]
121876	[{"caption":"a large white polar bear standing on top of a dirt ground."}]
406976	[{"caption":"a couple of dogs laying on top of a couch."}]
18480	[{"caption":"a group of people holding frisbees in their hands."}]
110435	[{"caption":"a woman giving a dog a bath in a sink."}]
347650	[{"caption":"a dog laying on a cushion in front of a bookshelf."}]
440895	[{"caption":"a bird sitting in a window of a building."}]
451305	[{"caption":"a zebra standing in the dirt near a tree."}]
431521	[{"caption":"a herd of horses standing on top of a lush green field."}]
424174	[{"caption":"a bowl filled with lots of different types of fruit."}]
332096	[{"caption":"a group of baseball players standing on top of a field."}]
158722	[{"caption":"a blue table topped with lots of bananas."}]
394801	[{"caption":"a bunch of bananas and other fruit on display."}]
498439	[{"caption":"a group of men on a field playing baseball."}]
313176	[{"caption":"a close up of a loaf of bread in a pan"}]
556726	[{"caption":"a bunch of broccoli sitting on a table."}]
539079	[{"caption":"a man riding skis down a snow covered slope."}]
36238	[{"caption":"a plate of broccoli and beef with sauce."}]
520508	[{"caption":"a man in a red jacket skiing down a snow covered slope."}]
149456	[{"caption":"a bunch of vegetables sitting on top of a table."}]
497907	[{"caption":"a man riding a snowboard down a snow covered slope."}]
146272	[{"caption":"a snowboarder is sitting on the snow."}]
190391	[{"caption":"a hot dog with mustard and ketchup on it."}]
183786	[{"caption":"a bunch of doughnuts that are on a tray."}]
325027	[{"caption":"a sandwich with lettuce and tomato on it."}]
62230	[{"caption":"a group of men playing basketball on a court."}]
410885	[{"caption":"a group of people swimming in the ocean."}]
810	[{"caption":"a sandwich in a basket sitting on top of a table."}]
566529	[{"caption":"a man laying in bed with a blue teddy bear."}]
375285	[{"caption":"a group of men standing on top of a sandy beach."}]
105234	[{"caption":"a bride and groom are celebrating their wedding."}]
203734	[{"caption":"two young boys sitting in the grass with their hands up."}]
526972	[{"caption":"a tray of mini pizzas on a table."}]
478528	[{"caption":"a living room with a chair and a dresser"}]
4312	[{"caption":"a man is taking a picture of a pizza."}]
410101	[{"caption":"a man holding a nintendo wii game controller."}]
514787	[{"caption":"a collage of pictures of people playing video games"}]
26584	[{"caption":"a hand holding a nintendo wii game controller."}]
164759	[{"caption":"a living room filled with furniture and a ceiling fan."}]
361527	[{"caption":"a desktop computer sitting on top of a desk."}]
281782	[{"caption":"a man and a child flying a kite in a field."}]
291962	[{"caption":"a young boy flying a kite in a park."}]
162445	[{"caption":"a group of people flying kites in a park."}]
136642	[{"caption":"a group of baseball players playing a game of baseball."}]
138553	[{"caption":"a batter, catcher and umpire during a baseball game."}]
520787	[{"caption":"a white plate topped with two slices of pizza."}]
525646	[{"caption":"a close up of a pizza on a table"}]
208623	[{"caption":"a group of people sitting around a table."}]
493623	[{"caption":"a couple of women standing in a room."}]
191069	[{"caption":"a person holding a cell phone in their hand."}]
221700	[{"caption":"a pair of scissors are next to a pair of scissors."}]
318290	[{"caption":"a blue oven sitting on top of a table."}]
149500	[{"caption":"a man sitting in a chair holding a cell phone."}]
205720	[{"caption":"a man on a boat talking on a cell phone."}]
309933	[{"caption":"a microwave above a stove in a kitchen."}]
233376	[{"caption":"a white refrigerator freezer sitting in a kitchen."}]
452881	[{"caption":"a cluttered desk with a clock and books."}]
292804	[{"caption":"a black and white photo of a train station."}]
321437	[{"caption":"a clock on a pole on a city street."}]
108853	[{"caption":"a vase filled with flowers sitting on top of a table."}]
135399	[{"caption":"a person holding a bowl of cereal on a table."}]
130909	[{"caption":"a couple of people standing in a kitchen."}]
369913	[{"caption":"a woman in blue scrubs holding a pair of scissors."}]
404462	[{"caption":"black and white photograph of a lamp in a room."}]
300034	[{"caption":"a bathroom with a toilet, sink and shower."}]
380854	[{"caption":"a bathroom with a sink, toilet and a window."}]
511583	[{"caption":"a car parked on the side of a street."}]
161112	[{"caption":"a young boy opening a suitcase in a living room."}]
120428	[{"caption":"a woman sitting on top of a toilet."}]
215408	[{"caption":"a clock tower with a weather vane on top of it."}]
46571	[{"caption":"a silver scooter parked in front of a brick wall."}]
542509	[{"caption":"a computer desk with two monitors and a keyboard."}]
556349	[{"caption":"a red motorcycle parked on the side of a street."}]
475923	[{"caption":"a blue door with a heart on it."}]
534733	[{"caption":"a living room filled with furniture and a television."}]
82229	[{"caption":"an old tv sitting on top of an old tv stand."}]
238700	[{"caption":"a giraffe and a zebra in a grassy field."}]
526645	[{"caption":"a giraffe walking through a forest filled with trees."}]
577866	[{"caption":"a black and white photo of a man sitting on a bench."}]
361400	[{"caption":"a traffic light that is on a pole."}]
263011	[{"caption":"a bunch of buses that are parked in the grass."}]
122051	[{"caption":"a black and white photo of a car driving down a street."}]
473171	[{"caption":"a red stop sign sitting on the side of a road."}]
150576	[{"caption":"a giraffe standing next to a baby giraffe."}]
458560	[{"caption":"a goose standing in the grass near a body of water."}]
74465	[{"caption":"a train traveling down train tracks next to a building."}]
393942	[{"caption":"a black and white photo of a person on a train track."}]
56983	[{"caption":"a couple of birds flying in the sky."}]
144715	[{"caption":"a train that is sitting on the tracks."}]
199257	[{"caption":"a street sign on a pole next to a fence."}]
517967	[{"caption":"a woman sitting in a chair with a laptop."}]
448786	[{"caption":"a close up of a train on a track"}]
506416	[{"caption":"a red train traveling down train tracks next to a forest."}]
25747	[{"caption":"a train traveling down train tracks next to a forest."}]
224554	[{"caption":"a train traveling down train tracks next to a forest."}]
25550	[{"caption":"a crowd of people standing around a stop sign."}]
128528	[{"caption":"a dog is carrying a bag of apples in the snow."}]
153966	[{"caption":"a cat that is laying down on a blanket."}]
480720	[{"caption":"a cat looking at itself in a mirror."}]
93803	[{"caption":"a crane working on a construction site."}]
310618	[{"caption":"a brown cow drinking water from a pipe."}]
290839	[{"caption":"a man and a dog on a boat in the water."}]
476552	[{"caption":"a group of people on a boat filled with food."}]
111109	[{"caption":"a black and white photo of a boy in shorts and a sweater."}]
542388	[{"caption":"a man in a suit and tie standing outside."}]
135281	[{"caption":"two people walking down a street holding umbrellas."}]
152252	[{"caption":"a group of young men sitting next to each other."}]
292685	[{"caption":"a group of elephants walking down a street."}]
1682	[{"caption":"a boat floating on top of a body of water."}]
456690	[{"caption":"a herd of zebra standing on top of a grass covered field."}]
31390	[{"caption":"a group of men playing a game of frisbee."}]
303267	[{"caption":"a white horse standing next to a small horse."}]
359838	[{"caption":"a couple of horses standing in a river."}]
377984	[{"caption":"a woman riding on the back of a horse."}]
546854	[{"caption":"a couple of glasses of orange juice sitting on a table."}]
333156	[{"caption":"a piece of chocolate cake on a yellow plate."}]
229274	[{"caption":"a close up of a banana tree with flowers."}]
66179	[{"caption":"a bunch of bananas hanging from a tree."}]
378098	[{"caption":"a plate of food that includes meat and rice."}]
377111	[{"caption":"a man riding a skateboard down the side of a wall."}]
439092	[{"caption":"a couple of people on skis standing on top of a snow covered slope."}]
60970	[{"caption":"a white plate topped with rice and broccoli."}]
516813	[{"caption":"a young boy riding skis down a snow covered slope."}]
292170	[{"caption":"people are shopping at a farmers market."}]
368528	[{"caption":"a man riding skis down a snow covered slope."}]
304834	[{"caption":"a woman riding a skateboard down a sidewalk."}]
536791	[{"caption":"a person jumping a skate board in the air"}]
302599	[{"caption":"a group of young men riding skateboards on top of a ramp."}]
160351	[{"caption":"a man riding a skateboard down a sidewalk."}]
532211	[{"caption":"a man riding a skateboard on top of a sidewalk."}]
220187	[{"caption":"a man riding a skateboard on a rail."}]
391365	[{"caption":"a man riding a skateboard down a rail."}]
230884	[{"caption":"a man riding a skateboard down a street."}]
412464	[{"caption":"a white plate topped with a sandwich and salad."}]
138675	[{"caption":"a person standing on top of a snow covered slope."}]
162902	[{"caption":"a group of people standing in the snow holding snowboards."}]
571449	[{"caption":"a close up of a person holding a pastry"}]
317725	[{"caption":"two donuts covered in sprinkles in a bowl."}]
205101	[{"caption":"a sandwich on a plate next to a glass of beer."}]
461378	[{"caption":"a birthday cake decorated with flowers and candles."}]
66685	[{"caption":"a couple of surfboards laying on top of a beach."}]
173081	[{"caption":"a black and white photo of a bedroom."}]
46433	[{"caption":"a couple of kids that are sitting on a bed"}]
4916	[{"caption":"a black and white photo of two children holding hands."}]
476939	[{"caption":"a couple of people standing in a room."}]
31281	[{"caption":"a black and white photo of a person holding a surfboard."}]
541965	[{"caption":"a table topped with plates of pizza and a drink."}]
345029	[{"caption":"a woman standing on a tennis court holding a racquet."}]
400317	[{"caption":"a man swinging a tennis racquet on a tennis court."}]
39697	[{"caption":"a pizza sitting on top of a white plate."}]
499755	[{"caption":"a woman is playing tennis on a green court."}]
233915	[{"caption":"a woman in a red dress playing tennis."}]
557130	[{"caption":"a group of young men playing video games."}]
121611	[{"caption":"a living room filled with furniture and a fireplace."}]
1655	[{"caption":"a man taking a picture of the mountains."}]
339426	[{"caption":"a baseball player swinging a bat at a ball."}]
322222	[{"caption":"a man swinging a tennis racquet on a tennis court."}]
471015	[{"caption":"a group of people sitting outside of a building."}]
515755	[{"caption":"a teddy bear laying on a couch in a living room."}]
117089	[{"caption":"a white plate topped with french toast and fruit."}]
11156	[{"caption":"a purse, cell phone, cell phone, cell phone, and other items on a bed."}]
545734	[{"caption":"a kitchen with a stove, microwave, and other items."}]
128812	[{"caption":"a white stove with a pan in the oven."}]
433574	[{"caption":"a man in a striped shirt talking on a cell phone."}]
525297	[{"caption":"a person holding a cell phone in their hand."}]
160186	[{"caption":"a man putting magnets on a refrigerator."}]
544883	[{"caption":"a clock that is on the side of a building."}]
136911	[{"caption":"a white plate topped with a bagel, fruit and a bagel."}]
216710	[{"caption":"a wooden table topped with different types of food."}]
478077	[{"caption":"a silver microwave sitting on top of a kitchen counter."}]
182279	[{"caption":"a group of people standing on top of a lush green field."}]
28506	[{"caption":"a kitchen with blue walls and black counter tops."}]
408449	[{"caption":"a man riding a skateboard down a city street."}]
208871	[{"caption":"a man standing in a kitchen holding a plate of food."}]
556205	[{"caption":"a couple of people riding bikes on a dock."}]
49097	[{"caption":"a dog that is standing next to a bike."}]
407915	[{"caption":"a bathroom with a sink, mirror and towel rack."}]
32990	[{"caption":"a bathroom with a black and white checkered floor."}]
398606	[{"caption":"a bathroom with two sinks and a television."}]
50350	[{"caption":"a bath tub sitting next to a toilet in a bathroom."}]
553558	[{"caption":"a sink and a mirror in a bathroom."}]
124462	[{"caption":"a cat laying on the hood of a car."}]
162677	[{"caption":"a black and white photo of a bathroom."}]
295051	[{"caption":"a black cat sitting on top of a desk."}]
508302	[{"caption":"a man riding a motorcycle down a street."}]
175024	[{"caption":"a man riding on the back of a motorcycle."}]
28675	[{"caption":"a person riding a motorcycle on a city street."}]
245450	[{"caption":"a subway train with orange seats and a window."}]
457054	[{"caption":"a man pulling a cart with a luggage cart."}]
418106	[{"caption":"a man looking at an airplane on the runway."}]
575904	[{"caption":"a man walking down a street next to a car."}]
393145	[{"caption":"a bird sitting on the back of a giraffe."}]
178761	[{"caption":"a dog and a dog looking at each other through a fence."}]
556901	[{"caption":"a group of red airplanes flying over a lake."}]
397045	[{"caption":"an orange cat sitting on top of a black bench."}]
115070	[{"caption":"an orange cat sitting on some concrete steps."}]
450728	[{"caption":"a man riding an elephant down a street."}]
158414	[{"caption":"a sign on the side of a train."}]
56248	[{"caption":"a bus with blue seats and a sign on the window."}]
96991	[{"caption":"a wooden bench sitting next to a body of water."}]
120767	[{"caption":"a giraffe that is sitting on a fake giraffe."}]
145727	[{"caption":"a park with a bench in the middle of it."}]
85562	[{"caption":"a bus is stopped at a bus stop."}]
408950	[{"caption":"a red double decker bus driving down a street."}]
19158	[{"caption":"a public transit bus on a city street"}]
9041	[{"caption":"a white and orange cat standing next to a group of pigeons."}]
29465	[{"caption":"a bird standing on top of a snow covered field."}]
15260	[{"caption":"a lamp with a green flower in it."}]
342394	[{"caption":"a group of giraffes eating from a feeder."}]
472833	[{"caption":"a white swan swimming in a body of water."}]
412676	[{"caption":"a building that has a lot of windows on it."}]
571746	[{"caption":"a red train traveling down a snow covered hill."}]
116722	[{"caption":"a couple of trains that are on a bridge"}]
553678	[{"caption":"a red stop sign sitting on the side of a road."}]
370678	[{"caption":"a parking meter on the side of a road."}]
476339	[{"caption":"a parking meter sitting on the side of a road."}]
535183	[{"caption":"a group of people standing around a food truck."}]
359791	[{"caption":"a couple of people on a boat with an umbrella."}]
182334	[{"caption":"a man in a suit and tie speaking into a microphone."}]
546052	[{"caption":"a couple of men standing next to each other."}]
538451	[{"caption":"a white umbrella with a wooden handle."}]
449485	[{"caption":"a black and white photo of a woman holding a book."}]
74181	[{"caption":"a man standing next to a pile of luggage."}]
56013	[{"caption":"a luggage cart filled with luggage and bags."}]
209544	[{"caption":"a man standing next to a picnic table."}]
379734	[{"caption":"a group of people playing a game of frisbee."}]
424422	[{"caption":"two men playing frisbee in a park."}]
225715	[{"caption":"a large bed sitting in a bedroom next to a window."}]
26665	[{"caption":"a herd of zebra standing on top of a dirt field."}]
60340	[{"caption":"a zebra standing in front of a rock formation."}]
74460	[{"caption":"two horses grazing in a fenced in area."}]
529981	[{"caption":"a herd of horses grazing on a lush green field."}]
552503	[{"caption":"three pots of food on a stove top."}]
575915	[{"caption":"a piece of pizza on a plate on a table."}]
483545	[{"caption":"a variety of vegetables on a table."}]
525118	[{"caption":"a bunch of green bananas on a table."}]
86202	[{"caption":"a man riding skis down a snow covered slope."}]
28582	[{"caption":"a bunch of vegetables sitting on top of a table."}]
110156	[{"caption":"a group of people standing on top of a snow covered slope."}]
311690	[{"caption":"a glass of wine next to a glass of wine."}]
316240	[{"caption":"a collage of different pictures of a tree and a house."}]
232432	[{"caption":"two dogs sitting next to each other on a leash."}]
439651	[{"caption":"a black water bottle sitting next to a computer keyboard."}]
248051	[{"caption":"a man riding a skateboard down a street."}]
431891	[{"caption":"a display of carrots and broccoli at a farmers market."}]
6415	[{"caption":"chopped carrots and a knife on a cutting board."}]
420666	[{"caption":"a tray with a hot dog and french fries."}]
489739	[{"caption":"a little girl sitting in a shopping cart holding a hot dog."}]
571990	[{"caption":"a bunch of doughnuts sitting on top of each other."}]
127842	[{"caption":"a man riding a wave on top of a surfboard."}]
98003	[{"caption":"a piece of pie on a plate with a fork."}]
56651	[{"caption":"a woman holding a cake with candles on it."}]
286760	[{"caption":"a cake that is sitting on top of a cake stand."}]
452724	[{"caption":"a hotel room with a bed, chairs, and a bed."}]
330897	[{"caption":"a pizza sitting on top of a white plate."}]
425620	[{"caption":"a child holding a stuffed animal"}]
565389	[{"caption":"a group of people sitting around a table."}]
275657	[{"caption":"a table topped with plates of food and glasses of wine."}]
451683	[{"caption":"a pizza sitting on top of a cardboard box."}]
95062	[{"caption":"a plate of pizza and grapes on a table."}]
371135	[{"caption":"a woman in a red shirt and black shorts playing tennis."}]
466052	[{"caption":"a coffee cup filled with toothbrushes and toothpaste."}]
554859	[{"caption":"a living room filled with furniture and a window."}]
321866	[{"caption":"a woman is brushing her teeth in the bathroom."}]
526414	[{"caption":"a living room filled with furniture and a television."}]
534121	[{"caption":"a living room filled with furniture and a fire place."}]
325211	[{"caption":"an open book sitting on top of a computer keyboard."}]
213008	[{"caption":"a hotel room with a large bed and two lamps."}]
7556	[{"caption":"a large body of water with kites flying over it."}]
402248	[{"caption":"a person sitting on the grass flying a kite."}]
122266	[{"caption":"a young boy flying a kite in a field."}]
152004	[{"caption":"a tall glass sitting on top of a balcony."}]
306940	[{"caption":"a baseball player holding a bat on a field."}]
47882	[{"caption":"a kitchen with a center island and a sink."}]
1573	[{"caption":"a kitchen with an old fashioned stove and oven."}]
385580	[{"caption":"a couple of people standing next to each other."}]
501652	[{"caption":"a child in a car seat holding a cell phone."}]
209048	[{"caption":"a microwave oven sitting on top of a table."}]
33845	[{"caption":"a group of people sitting around a table with laptops."}]
159215	[{"caption":"a man taking a picture of himself with a cell phone."}]
143167	[{"caption":"a clock tower in front of a building."}]
36082	[{"caption":"two microwaves sitting on top of a kitchen counter."}]
220224	[{"caption":"a church with a clock on the front of it."}]
265596	[{"caption":"a piece of cake on a plate next to a cup of coffee."}]
487141	[{"caption":"a vase filled with flowers on top of a table."}]
34080	[{"caption":"a pair of scissors sitting on top of a table."}]
433924	[{"caption":"a close up of a woman holding a pair of scissors"}]
178795	[{"caption":"a couple of plates of food on a table."}]
67686	[{"caption":"a white plate topped with toast and toast."}]
161222	[{"caption":"a table topped with plates of food and glasses."}]
92678	[{"caption":"a man and woman flying a kite on a beach."}]
392892	[{"caption":"a kitchen with a table, chairs and a window."}]
321811	[{"caption":"a woman sitting in a kitchen next to a stove."}]
274494	[{"caption":"a bathroom with a walk in shower next to a sink."}]
296707	[{"caption":"a bathroom with a sink, toilet and bathtub."}]
487525	[{"caption":"a bathroom with a sink, toilet and shower."}]
401623	[{"caption":"a white bath tub sitting next to a shower."}]
411968	[{"caption":"a bathroom with a black counter top and a sink."}]
430420	[{"caption":"a bathroom with a sink and a mirror."}]
26730	[{"caption":"a dog is sitting in the sidecar of a motorcycle."}]
504811	[{"caption":"a plane flying over a church with a steeple."}]
436467	[{"caption":"a pot of food that is being cooked."}]
177938	[{"caption":"a man working on a motorcycle in a garage."}]
359086	[{"caption":"a motorcycle parked in the grass next to a car."}]
413096	[{"caption":"a large jetliner sitting on top of an airport tarmac."}]
18975	[{"caption":"a large jetliner sitting on top of an airport tarmac."}]
396051	[{"caption":"a couple of airplanes sitting on top of a tarmac."}]
268944	[{"caption":"a small airplane sitting on top of a runway."}]
58851	[{"caption":"a car parked in front of a house."}]
480605	[{"caption":"a large jetliner flying through a blue sky."}]
34662	[{"caption":"two sheep laying down in a grassy field."}]
28157	[{"caption":"a group of people standing on top of a beach."}]
79392	[{"caption":"an airplane flying over a park with a building in the background."}]
463211	[{"caption":"a little girl standing next to a yellow school bus."}]
463084	[{"caption":"a blue and white bus parked on the side of the road."}]
165572	[{"caption":"a red double decker bus driving down a street."}]
173797	[{"caption":"a bus parked on the side of a street."}]
531163	[{"caption":"a green and white bus driving down a rain soaked street."}]
393647	[{"caption":"people walking on a sidewalk next to a bus."}]
35195	[{"caption":"a large white bird standing on top of a sandy beach."}]
219723	[{"caption":"a group of boxes filled with little chickens."}]
139660	[{"caption":"a colorful bird perched on a tree branch."}]
167810	[{"caption":"a couple of ducks swimming in a pond."}]
279621	[{"caption":"a train traveling down train tracks next to a forest."}]
519555	[{"caption":"a stop sign sitting on the side of a road."}]
236000	[{"caption":"a large yellow truck driving down a street."}]
23731	[{"caption":"a cat that is laying down on a chair."}]
38938	[{"caption":"a cat sitting on top of a wooden desk."}]
379108	[{"caption":"a man and his dog in a small boat."}]
298628	[{"caption":"three cows standing on top of a lush green field."}]
530706	[{"caption":"a man taking a picture of another man with a camera."}]
466259	[{"caption":"a group of people riding on top of a boat."}]
340332	[{"caption":"an old suitcase in an abandoned building."}]
74759	[{"caption":"a couple of elephants standing on top of each other."}]
414934	[{"caption":"a black and white photo of two men sitting on a car."}]
512467	[{"caption":"a white and black horse eating grass in a field."}]
156772	[{"caption":"a pile of oranges with chinese writing on them."}]
575179	[{"caption":"a sandwich on a plate with tomatoes and lettuce."}]
189566	[{"caption":"a tv with a woman and a man on it."}]
192095	[{"caption":"a baseball player pitching a ball on a field."}]
298691	[{"caption":"a bowl of broccoli and other food on a table."}]
122239	[{"caption":"a young boy holding a piece of fruit."}]
57843	[{"caption":"a plate with a piece of cake and a fork."}]
358982	[{"caption":"a young girl riding a skateboard down a ramp."}]
274455	[{"caption":"a person standing on a skateboard in a park."}]
519744	[{"caption":"a person standing on a skateboard in a park."}]
125971	[{"caption":"a hot dog in a basket with a drink."}]
490688	[{"caption":"a hot dog on a plate on a table."}]
317028	[{"caption":"a person holding a chocolate doughnut in their hands."}]
581010	[{"caption":"a white bowl filled with food next to a mug of coffee."}]
28998	[{"caption":"a young boy holding a doughnut up to his face."}]
439326	[{"caption":"a panda bear sitting next to a large container."}]
424880	[{"caption":"a cake that is on a plate on a table."}]
501122	[{"caption":"a man in a gas mask cutting a surfboard."}]
234677	[{"caption":"a figurine with a surfboard in the sand."}]
10837	[{"caption":"a group of men playing a game of soccer."}]
205636	[{"caption":"a little boy sitting on a bed drinking from a can."}]
184386	[{"caption":"a bed room with a bed and a plant."}]
231037	[{"caption":"a man riding a wave on top of a surfboard."}]
467437	[{"caption":"a man and woman sleeping in a bed."}]
258588	[{"caption":"a young man playing a game of tennis."}]
460251	[{"caption":"a close up of a remote control on a table"}]
571641	[{"caption":"a computer monitor sitting on top of a wooden desk."}]
163348	[{"caption":"a desk with a laptop and other items on it."}]
298978	[{"caption":"a woman sitting in the back seat of a car."}]
258628	[{"caption":"a young boy holding a tennis racquet on a tennis court."}]
118432	[{"caption":"a large group of people flying kites in a field."}]
205230	[{"caption":"a group of children sitting around a table."}]
345136	[{"caption":"a little boy sitting on the ground in the grass."}]
404613	[{"caption":"a little boy holding a baseball and a bat."}]
131089	[{"caption":"a young boy swinging a bat at a ball."}]
432570	[{"caption":"a vase filled with flowers sitting next to a window."}]
199764	[{"caption":"a group of people standing around a table."}]
176312	[{"caption":"a woman standing in front of a sign."}]
453297	[{"caption":"a piece of pineapple sitting next to a cell phone."}]
529668	[{"caption":"a woman holding a purse and talking on a cell phone."}]
551107	[{"caption":"a little girl in a red and white dress holding a remote."}]
413120	[{"caption":"a blender filled with chopped green vegetables."}]
53267	[{"caption":"a black and white photo of a man holding a picture."}]
1393	[{"caption":"a vase filled with red flowers next to a window."}]
38666	[{"caption":"a boy holding a teddy bear in his mouth."}]
166645	[{"caption":"a person standing next to a cart filled with eggs."}]
487375	[{"caption":"two women sitting at a table with food."}]
134133	[{"caption":"a box of chocolates and a box of fruit."}]
557998	[{"caption":"a woman sitting at a table with a bottle of whiskey."}]
215867	[{"caption":"a man riding a scooter on a city street."}]
354929	[{"caption":"a group of people riding bikes down a street."}]
250311	[{"caption":"a kitchen with a stove a sink and some pots"}]
419971	[{"caption":"a bathroom with two urinals and a sink."}]
92257	[{"caption":"a man sitting on a toilet reading a newspaper."}]
403863	[{"caption":"a close up of a toothbrush on a counter"}]
553879	[{"caption":"a highway filled with lots of traffic on a highway."}]
540860	[{"caption":"a car that is sitting on a curb."}]
296243	[{"caption":"a man standing next to a car in the desert."}]
136572	[{"caption":"a couple of motorcycles parked next to each other."}]
484301	[{"caption":"two motorcycles are parked in a parking lot."}]
561014	[{"caption":"a red and white plane flying through a blue sky."}]
559047	[{"caption":"a grey and white cat sitting on top of a wooden chair."}]
472101	[{"caption":"a traffic light that is green on a pole."}]
109425	[{"caption":"a yellow traffic light with a red bicycle on it."}]
328200	[{"caption":"a brown and white dog sitting on the floor."}]
222811	[{"caption":"a stair case sitting under a stair case."}]
480643	[{"caption":"a herd of pigs walking down a street."}]
205676	[{"caption":"a black and white photo of people walking down a street."}]
462105	[{"caption":"a wooden bench sitting in the grass next to a lake."}]
33830	[{"caption":"a man shearing a sheep in a field."}]
93964	[{"caption":"a public transit bus on a city street"}]
348648	[{"caption":"a fire hydrant in front of a yellow building."}]
427376	[{"caption":"a red fire hydrant sitting on top of a sidewalk."}]
334311	[{"caption":"a park bench sitting on the side of a road."}]
327149	[{"caption":"a green fire hydrant sitting on the side of a road."}]
211487	[{"caption":"a red and white fire hydrant sitting on the side of a road."}]
527961	[{"caption":"a purple double decker bus parked in front of a building."}]
23351	[{"caption":"a group of giraffes that are standing in the dirt."}]
388770	[{"caption":"a number of birds sitting on top of a metal structure"}]
456192	[{"caption":"a group of elephants standing under a shelter."}]
477526	[{"caption":"a train that is going down the tracks."}]
130437	[{"caption":"a train traveling down tracks next to a building."}]
483722	[{"caption":"a train is coming out of a tunnel."}]
250260	[{"caption":"two blue and yellow trains parked next to each other."}]
465550	[{"caption":"a stop sign with a sticker on it."}]
383018	[{"caption":"a train traveling past a cherry blossom tree."}]
328111	[{"caption":"a city street with cars driving down it."}]
522909	[{"caption":"a cat sitting on top of a wooden shelf."}]
127556	[{"caption":"a cat that is eating some food on a carpet."}]
399769	[{"caption":"two pictures of a cat and a dog."}]
467197	[{"caption":"an orange cat laying on top of a backpack."}]
485494	[{"caption":"a black and white cat playing with a toy."}]
67122	[{"caption":"a cat that is laying down on a chair."}]
347236	[{"caption":"a couple of cats sitting on top of a rug."}]
126030	[{"caption":"a large semi truck parked in a lot."}]
30667	[{"caption":"a brown dog laying on a person's lap."}]
222430	[{"caption":"a man in a blue shirt and tie sitting at a desk."}]
38332	[{"caption":"a large elephant standing in a grassy field."}]
122747	[{"caption":"a man in a black shirt and orange bow tie."}]
530317	[{"caption":"a small boat with people on it in the water."}]
147556	[{"caption":"a couple of people riding on the back of an elephant."}]
561856	[{"caption":"a group of people walking down a street holding umbrellas."}]
275881	[{"caption":"a white boat traveling across a body of water."}]
196989	[{"caption":"a group of people riding on the back of an elephant."}]
422221	[{"caption":"an elephant with its mouth open in a building."}]
488539	[{"caption":"two pieces of luggage sitting on a sidewalk."}]
73521	[{"caption":"a pile of luggage sitting next to a chair."}]
408057	[{"caption":"an umbrella and clothes hanging from a pole."}]
505739	[{"caption":"a man riding in a horse drawn carriage."}]
270815	[{"caption":"a baseball player pitching a ball on a field."}]
458567	[{"caption":"a pile of bananas sitting on top of a table."}]
185240	[{"caption":"a woman throwing a baseball to a little girl."}]
79992	[{"caption":"a basket filled with bananas and coconuts."}]
206859	[{"caption":"a man is holding a box of oranges."}]
386204	[{"caption":"a woman sitting on the curb of a street."}]
552654	[{"caption":"a man doing a trick on a snowboard in the snow."}]
56326	[{"caption":"a white plate topped with rice and vegetables."}]
405365	[{"caption":"a group of people riding skis down a snow covered slope."}]
313169	[{"caption":"a man flying through the air while riding a skateboard."}]
527631	[{"caption":"a sandwich and french fries on a plate."}]
396693	[{"caption":"a man riding a wave on top of a surfboard."}]
118069	[{"caption":"person kicks the ball down the field."}]
1290	[{"caption":"a baby sitting in a high chair eating a cake."}]
497438	[{"caption":"a group of children standing around a table."}]
337705	[{"caption":"a man is standing in a hospital room."}]
217071	[{"caption":"a bed with a purple comforter and purple sheets."}]
240637	[{"caption":"a black and white dog laying on a bed."}]
358055	[{"caption":"a man holding a tennis racquet on a tennis court."}]
9002	[{"caption":"a square pizza with cheese on top of it."}]
381032	[{"caption":"a woman running to hit a tennis ball with a racquet."}]
313372	[{"caption":"two men on a tennis court playing tennis."}]
401860	[{"caption":"a slice of pizza sitting on top of a white plate."}]
552564	[{"caption":"a man and woman brushing their teeth in a bathroom."}]
100187	[{"caption":"a living room filled with furniture and a lamp."}]
428064	[{"caption":"a man flying a kite in a park."}]
4246	[{"caption":"a couple of kids walking down a street."}]
224377	[{"caption":"a woman holding a baseball bat on a field."}]
318130	[{"caption":"a baseball player holding a bat next to home plate."}]
114317	[{"caption":"a baseball player sliding into a base during a game."}]
514147	[{"caption":"a baseball player swinging a bat at a ball."}]
449114	[{"caption":"a man swinging a tennis racquet on a tennis court."}]
447087	[{"caption":"a table topped with vases filled with flowers."}]
436426	[{"caption":"a cell phone sitting on top of a table."}]
209935	[{"caption":"a red and white clock tower next to a body of water."}]
559550	[{"caption":"a little girl sitting in a high chair at a table."}]
377730	[{"caption":"a group of people sitting around a table."}]
257187	[{"caption":"two women holding up a bottle of wine."}]
154931	[{"caption":"a woman sitting at a table with plates of food."}]
276127	[{"caption":"a white table topped with lots of food."}]
